crag_name,crag_country,crag_region,crag_latitude,crag_longitude,crag_source,crag_source_url,sector_name,sector_description,sector_approach_info,route_name,route_grade,route_grade_system,route_type,route_height_m,route_bolts,route_description,route_source_url
Batu Caves,,Selangor,3.242325,101.687584,thecrag,https://www.thecrag.com/climbing/malaysia/batu-caves,Red Rocks,,,Unknown 3,5c+,french,sport,,,,https://www.thecrag.com/route/13897088988
Batu Caves,,Selangor,3.242325,101.687584,thecrag,https://www.thecrag.com/climbing/malaysia/batu-caves,Red Rocks,,,Unknown 2,6b,french,sport,8.0,4,,https://www.thecrag.com/route/13897089054
Batu Caves,,Selangor,3.242325,101.687584,thecrag,https://www.thecrag.com/climbing/malaysia/batu-caves,Red Rocks,,,Unknown 1,5c+,french,sport,,0,,https://www.thecrag.com/route/13897089120
Batu Caves,,Selangor,3.242325,101.687584,thecrag,https://www.thecrag.com/climbing/malaysia/batu-caves,Red Rocks,,,Blood Brother,6b+,french,sport,13.0,6,,https://www.thecrag.com/route/15703525
Batu Caves,,Selangor,3.242325,101.687584,thecrag,https://www.thecrag.com/climbing/malaysia/batu-caves,Red Rocks,,,Tomodachi,6b,french,sport,14.0,6,,https://www.thecrag.com/route/15703573
Batu Caves,,Selangor,3.242325,101.687584,thecrag,https://www.thecrag.com/climbing/malaysia/batu-caves,Red Rocks,,,Return of the Spotted Owl - Left,6a,french,sport,20.0,8,,https://www.thecrag.com/route/15703621
Batu Caves,,Selangor,3.242325,101.687584,thecrag,https://www.thecrag.com/climbing/malaysia/batu-caves,Red Rocks,,,Return of the Spotted Owl - Right,6a,french,sport,20.0,8,,https://www.thecrag.com/route/13896118323
Batu Caves,,Selangor,3.242325,101.687584,thecrag,https://www.thecrag.com/climbing/malaysia/batu-caves,Red Rocks,,,Owl Face,5c,french,trad,13.0,,,https://www.thecrag.com/route/15703669
Batu Caves,,Selangor,3.242325,101.687584,thecrag,https://www.thecrag.com/climbing/malaysia/batu-caves,Red Rocks,,,Sweet Child of Mine,6b,french,sport,22.0,11,,https://www.thecrag.com/route/15703717
Batu Caves,,Selangor,3.242325,101.687584,thecrag,https://www.thecrag.com/climbing/malaysia/batu-caves,Red Rocks,,,Nacho Cheese,7b,french,sport,20.0,9,,https://www.thecrag.com/route/15703771
Batu Caves,,Selangor,3.242325,101.687584,thecrag,https://www.thecrag.com/climbing/malaysia/batu-caves,Red Rocks,,,Yen's Route,6b,french,sport,23.0,9,,https://www.thecrag.com/route/15703819
Batu Caves,,Selangor,3.242325,101.687584,thecrag,https://www.thecrag.com/climbing/malaysia/batu-caves,Red Rocks,,,Cool Ranch,7a,french,sport,20.0,9,,https://www.thecrag.com/route/15703867
Batu Caves,,Selangor,3.242325,101.687584,thecrag,https://www.thecrag.com/climbing/malaysia/batu-caves,Red Rocks,,,The First Temptation,6b,french,sport,20.0,8,,https://www.thecrag.com/route/15703915
Batu Caves,,Selangor,3.242325,101.687584,thecrag,https://www.thecrag.com/climbing/malaysia/batu-caves,Red Rocks,,,Atlantis,5c,french,trad,18.0,,,https://www.thecrag.com/route/15703963
Batu Caves,,Selangor,3.242325,101.687584,thecrag,https://www.thecrag.com/climbing/malaysia/batu-caves,Damai Wall - Left Wall,,,Unknown 1,6b,french,sport,25.0,8,,https://www.thecrag.com/route/986141631
Batu Caves,,Selangor,3.242325,101.687584,thecrag,https://www.thecrag.com/climbing/malaysia/batu-caves,Damai Wall - Left Wall,,,Nyamuk Aedes,6c,french,sport,25.0,8,,https://www.thecrag.com/route/986141772
Batu Caves,,Selangor,3.242325,101.687584,thecrag,https://www.thecrag.com/climbing/malaysia/batu-caves,Damai Wall - Left Wall,,,Unknown 2,6b+,french,sport,25.0,9,,https://www.thecrag.com/route/986141865
Batu Caves,,Selangor,3.242325,101.687584,thecrag,https://www.thecrag.com/climbing/malaysia/batu-caves,Damai Wall - Left Wall,,,Unnamed 3,6a,french,sport,25.0,9,,https://www.thecrag.com/route/8272510683
Batu Caves,,Selangor,3.242325,101.687584,thecrag,https://www.thecrag.com/climbing/malaysia/batu-caves,Damai Wall - Left Wall,,,Akar Molek,5c,french,sport,15.0,6,,https://www.thecrag.com/route/986141958
Batu Caves,,Selangor,3.242325,101.687584,thecrag,https://www.thecrag.com/climbing/malaysia/batu-caves,Damai Wall - Left Wall,,,Muji,5c+,french,sport,14.0,7,,https://www.thecrag.com/route/986142051
Batu Caves,,Selangor,3.242325,101.687584,thecrag,https://www.thecrag.com/climbing/malaysia/batu-caves,Damai Wall - Left Wall,,,Puteri,5c+,french,sport,9.0,3,,https://www.thecrag.com/route/986142144
Batu Caves,,Selangor,3.242325,101.687584,thecrag,https://www.thecrag.com/climbing/malaysia/batu-caves,Damai Wall - Left Wall,,,Puteri (Variant),6b,french,sport,9.0,3,,https://www.thecrag.com/route/2461624167
Batu Caves,,Selangor,3.242325,101.687584,thecrag,https://www.thecrag.com/climbing/malaysia/batu-caves,Damai Wall - Left Wall,,,Unknown 3,6a+,french,sport,28.0,10,,https://www.thecrag.com/route/7428457041
Batu Caves,,Selangor,3.242325,101.687584,thecrag,https://www.thecrag.com/climbing/malaysia/batu-caves,Damai Wall - Left Wall,,,Unknown 4,6a,french,sport,28.0,10,,https://www.thecrag.com/route/986142237
Batu Caves,,Selangor,3.242325,101.687584,thecrag,https://www.thecrag.com/climbing/malaysia/batu-caves,Damai Wall - Left Wall,,,Unknown 5,6a,french,sport,26.0,9,,https://www.thecrag.com/route/986142333
Batu Caves,,Selangor,3.242325,101.687584,thecrag,https://www.thecrag.com/climbing/malaysia/batu-caves,Damai Wall - Left Wall,,,Unknown 6,6a,french,sport,33.0,11,,https://www.thecrag.com/route/7430247453
Batu Caves,,Selangor,3.242325,101.687584,thecrag,https://www.thecrag.com/climbing/malaysia/batu-caves,Damai Wall - Left Wall,,,Base Jumper,6b,french,sport,26.0,10,,https://www.thecrag.com/route/986142474
Batu Caves,,Selangor,3.242325,101.687584,thecrag,https://www.thecrag.com/climbing/malaysia/batu-caves,Damai Wall - Left Wall,,,Senang Gila,6a,french,sport,35.0,15,,https://www.thecrag.com/route/986142606
Batu Caves,,Selangor,3.242325,101.687584,thecrag,https://www.thecrag.com/climbing/malaysia/batu-caves,Damai Wall - Left Wall,,,Mesin Jahit (Sewing Machine),6a+,french,sport,33.0,14,,https://www.thecrag.com/route/986142720
Batu Caves,,Selangor,3.242325,101.687584,thecrag,https://www.thecrag.com/climbing/malaysia/batu-caves,Damai Wall - Left Wall,,,Sunday,6a,french,sport,35.0,14,,https://www.thecrag.com/route/986142840
Batu Caves,,Selangor,3.242325,101.687584,thecrag,https://www.thecrag.com/climbing/malaysia/batu-caves,Damai Wall - Left Wall,,,Aciaci Buka Pintu,6a+,french,sport,28.0,8,,https://www.thecrag.com/route/986142972
Batu Caves,,Selangor,3.242325,101.687584,thecrag,https://www.thecrag.com/climbing/malaysia/batu-caves,Damai Wall - Left Wall,,,3 Brothers,6b,french,sport,22.0,7,,https://www.thecrag.com/route/986143065
Batu Caves,,Selangor,3.242325,101.687584,thecrag,https://www.thecrag.com/climbing/malaysia/batu-caves,Damai Wall - Left Wall,,,Brothers love climbing,6a+,french,sport,32.0,14,,https://www.thecrag.com/route/13070042916
Batu Caves,,Selangor,3.242325,101.687584,thecrag,https://www.thecrag.com/climbing/malaysia/batu-caves,Damai Wall - Main Wall,,,Jah Love Climbing,6a+,french,sport,28.0,12,,https://www.thecrag.com/route/15702145
Batu Caves,,Selangor,3.242325,101.687584,thecrag,https://www.thecrag.com/climbing/malaysia/batu-caves,Damai Wall - Main Wall,,,Water on the Rock,6a+,french,sport,22.0,11,,https://www.thecrag.com/route/15702199
Batu Caves,,Selangor,3.242325,101.687584,thecrag,https://www.thecrag.com/climbing/malaysia/batu-caves,Damai Wall - Main Wall,,,Sasau,6a+,french,sport,47.0,19,,https://www.thecrag.com/route/15702247
Batu Caves,,Selangor,3.242325,101.687584,thecrag,https://www.thecrag.com/climbing/malaysia/batu-caves,Damai Wall - Main Wall,,,TJ,6a+,french,sport,53.0,20,,https://www.thecrag.com/route/15702295
Batu Caves,,Selangor,3.242325,101.687584,thecrag,https://www.thecrag.com/climbing/malaysia/batu-caves,Damai Wall - Main Wall,,,Ichineesanghait,6b,french,sport,56.0,25,,https://www.thecrag.com/route/15702343
Batu Caves,,Selangor,3.242325,101.687584,thecrag,https://www.thecrag.com/climbing/malaysia/batu-caves,Damai Wall - Main Wall,,,Up Step,5c,french,sport,47.0,,,https://www.thecrag.com/route/15702391
Batu Caves,,Selangor,3.242325,101.687584,thecrag,https://www.thecrag.com/climbing/malaysia/batu-caves,Damai Wall - Main Wall,,,Sweet Maria,5c,french,sport,47.0,17,,https://www.thecrag.com/route/15702487
Batu Caves,,Selangor,3.242325,101.687584,thecrag,https://www.thecrag.com/climbing/malaysia/batu-caves,Damai Wall - Main Wall,,,Duckula,5c,french,sport,28.0,11,,https://www.thecrag.com/route/15702439
Batu Caves,,Selangor,3.242325,101.687584,thecrag,https://www.thecrag.com/climbing/malaysia/batu-caves,Damai Wall - Main Wall,,,Permaisuri,6b,french,sport,20.0,,,https://www.thecrag.com/route/15702535
Batu Caves,,Selangor,3.242325,101.687584,thecrag,https://www.thecrag.com/climbing/malaysia/batu-caves,Damai Wall - Main Wall,,,Redemption Song,6b,french,sport,73.0,,,https://www.thecrag.com/route/15702583
Batu Caves,,Selangor,3.242325,101.687584,thecrag,https://www.thecrag.com/climbing/malaysia/batu-caves,Damai Wall - Main Wall,,,The Bank Robber,5c,french,trad,73.0,11,,https://www.thecrag.com/route/7246603701
Batu Caves,,Selangor,3.242325,101.687584,thecrag,https://www.thecrag.com/climbing/malaysia/batu-caves,Damai Wall - Main Wall,,,Granular Spindrift,5c,french,sport,18.0,6,,https://www.thecrag.com/route/4865835999
Batu Caves,,Selangor,3.242325,101.687584,thecrag,https://www.thecrag.com/climbing/malaysia/batu-caves,Damai Wall - Main Wall,,,Good Onion,6b,french,sport,73.0,28,,https://www.thecrag.com/route/15702679
Batu Caves,,Selangor,3.242325,101.687584,thecrag,https://www.thecrag.com/climbing/malaysia/batu-caves,Damai Wall - Main Wall,,,Pink Diamonds for Everyone,6a,french,trad,75.0,,,https://www.thecrag.com/route/7246584969
Batu Caves,,Selangor,3.242325,101.687584,thecrag,https://www.thecrag.com/climbing/malaysia/batu-caves,Damai Wall - Main Wall,,,Reservoir Doggin',5c+,french,sport,10.0,3,,https://www.thecrag.com/route/15702727
Batu Caves,,Selangor,3.242325,101.687584,thecrag,https://www.thecrag.com/climbing/malaysia/batu-caves,Damai Wall - Main Wall,,,Monkey Highway,5c,french,trad,40.0,1,,https://www.thecrag.com/route/15702775
Batu Caves,,Selangor,3.242325,101.687584,thecrag,https://www.thecrag.com/climbing/malaysia/batu-caves,Damai Wall - Main Wall,,,Ghana Power,5c,french,sport,10.0,3,,https://www.thecrag.com/route/15702823
Batu Caves,,Selangor,3.242325,101.687584,thecrag,https://www.thecrag.com/climbing/malaysia/batu-caves,Damai Wall - Main Wall,,,Lead Man,5c,french,sport,12.0,5,,https://www.thecrag.com/route/15702871
Batu Caves,,Selangor,3.242325,101.687584,thecrag,https://www.thecrag.com/climbing/malaysia/batu-caves,Damai Wall - Main Wall,,,Moves like Juggers,6c,french,sport,25.0,12,,https://www.thecrag.com/route/7564070274
Batu Caves,,Selangor,3.242325,101.687584,thecrag,https://www.thecrag.com/climbing/malaysia/batu-caves,Damai Wall - Main Wall,,,Lightning Grip,6b,french,sport,25.0,14,,https://www.thecrag.com/route/15702919
Batu Caves,,Selangor,3.242325,101.687584,thecrag,https://www.thecrag.com/climbing/malaysia/batu-caves,Damai Wall - Main Wall,,,Golly Gully,5c,french,sport,18.0,5,,https://www.thecrag.com/route/15702967
Batu Caves,,Selangor,3.242325,101.687584,thecrag,https://www.thecrag.com/climbing/malaysia/batu-caves,Damai Wall - Main Wall,,,Rain Man,6a,french,sport,16.0,6,,https://www.thecrag.com/route/15703015
Batu Caves,,Selangor,3.242325,101.687584,thecrag,https://www.thecrag.com/climbing/malaysia/batu-caves,Damai Wall - Main Wall,,,Thunder,6a,french,sport,15.0,5,,https://www.thecrag.com/route/15703063
Batu Caves,,Selangor,3.242325,101.687584,thecrag,https://www.thecrag.com/climbing/malaysia/batu-caves,Damai Wall - Main Wall,,,Monsoon,6b,french,sport,68.0,28,,https://www.thecrag.com/route/15703111
Batu Caves,,Selangor,3.242325,101.687584,thecrag,https://www.thecrag.com/climbing/malaysia/batu-caves,Damai Wall - Main Wall,,,Bad News,6a,french,sport,42.0,15,,https://www.thecrag.com/route/15703165
Batu Caves,,Selangor,3.242325,101.687584,thecrag,https://www.thecrag.com/climbing/malaysia/batu-caves,Damai Wall - Main Wall,,,KL Connection,6c,french,sport,25.0,,,https://www.thecrag.com/route/15703213
Batu Caves,,Selangor,3.242325,101.687584,thecrag,https://www.thecrag.com/climbing/malaysia/batu-caves,Damai Wall - Main Wall,,,Virgin Climb,6a,french,sport,15.0,7,,https://www.thecrag.com/route/15703273
Batu Caves,,Selangor,3.242325,101.687584,thecrag,https://www.thecrag.com/climbing/malaysia/batu-caves,Damai Wall - Main Wall,,,Crack X,6b,french,sport,45.0,,,https://www.thecrag.com/route/15703321
Batu Caves,,Selangor,3.242325,101.687584,thecrag,https://www.thecrag.com/climbing/malaysia/batu-caves,Damai Wall - Main Wall,,,Crack Connection,6b+,french,sport,45.0,,,https://www.thecrag.com/route/11603267883
Batu Caves,,Selangor,3.242325,101.687584,thecrag,https://www.thecrag.com/climbing/malaysia/batu-caves,Damai Wall - Main Wall,,,Dry Season,6c+,french,sport,73.0,,,https://www.thecrag.com/route/15703381
Batu Caves,,Selangor,3.242325,101.687584,thecrag,https://www.thecrag.com/climbing/malaysia/batu-caves,Damai Wall - Cave Section,,,Enter the Dragon,7c,french,sport,15.0,14,,https://www.thecrag.com/route/2905543335
Batu Caves,,Selangor,3.242325,101.687584,thecrag,https://www.thecrag.com/climbing/malaysia/batu-caves,Damai Wall - Cave Section,,,Unnamed,6c+,french,sport,30.0,,,https://www.thecrag.com/route/15703429
Batu Caves,,Selangor,3.242325,101.687584,thecrag,https://www.thecrag.com/climbing/malaysia/batu-caves,Damai Wall - Cave Section,,,X Foot,6b,french,sport,20.0,,,https://www.thecrag.com/route/15703477
Batu Caves,,Selangor,3.242325,101.687584,thecrag,https://www.thecrag.com/climbing/malaysia/batu-caves,Damai Wall - Right Wall,,,Unknown 1,5c,french,sport,8.0,4,,https://www.thecrag.com/route/2505114045
Batu Caves,,Selangor,3.242325,101.687584,thecrag,https://www.thecrag.com/climbing/malaysia/batu-caves,Damai Wall - Right Wall,,,Unknown 2,5c,french,sport,8.0,4,,https://www.thecrag.com/route/2417898447
Batu Caves,,Selangor,3.242325,101.687584,thecrag,https://www.thecrag.com/climbing/malaysia/batu-caves,Damai Wall - Right Wall,,,Pokok,5c,french,sport,8.0,4,,https://www.thecrag.com/route/2397654327
Batu Caves,,Selangor,3.242325,101.687584,thecrag,https://www.thecrag.com/climbing/malaysia/batu-caves,Damai Wall - Right Wall,,,UnKnown 4,5c,french,sport,18.0,7,,https://www.thecrag.com/route/5919323886
Batu Caves,,Selangor,3.242325,101.687584,thecrag,https://www.thecrag.com/climbing/malaysia/batu-caves,Damai Wall - Right Wall,,,Bengwali Pewai,6b+,french,sport,96.0,12,,https://www.thecrag.com/route/7059044712
Batu Caves,,Selangor,3.242325,101.687584,thecrag,https://www.thecrag.com/climbing/malaysia/batu-caves,Damai Wall - Right Wall,,,Unknown 5,6a+,french,sport,8.0,3,,https://www.thecrag.com/route/8273343399
Batu Caves,,Selangor,3.242325,101.687584,thecrag,https://www.thecrag.com/climbing/malaysia/batu-caves,Damai Wall - Right Wall,,,Unknown 6,6a,french,sport,6.0,3,,https://www.thecrag.com/route/2397657150
Batu Caves,,Selangor,3.242325,101.687584,thecrag,https://www.thecrag.com/climbing/malaysia/batu-caves,Damai Wall - Right Wall,,,UnKnown 7,5b,french,sport,8.0,3,,https://www.thecrag.com/route/8277643026
Batu Caves,,Selangor,3.242325,101.687584,thecrag,https://www.thecrag.com/climbing/malaysia/batu-caves,Damai Wall - Right Wall,,,Chimera,6a,french,trad,30.0,6,,https://www.thecrag.com/route/2402448720
Batu Caves,,Selangor,3.242325,101.687584,thecrag,https://www.thecrag.com/climbing/malaysia/batu-caves,Damai Wall - Right Wall,,,Anchor,6a,french,sport,15.0,5,,https://www.thecrag.com/route/2397729504
Batu Caves,,Selangor,3.242325,101.687584,thecrag,https://www.thecrag.com/climbing/malaysia/batu-caves,Damai Wall - Right Wall,,,Unknown 8,6a,french,sport,28.0,14,,https://www.thecrag.com/route/7362471396
Batu Caves,,Selangor,3.242325,101.687584,thecrag,https://www.thecrag.com/climbing/malaysia/batu-caves,Damai Wall - Right Wall,,,Unknown 9,6a,french,sport,28.0,10,,https://www.thecrag.com/route/7362473376
Batu Caves,,Selangor,3.242325,101.687584,thecrag,https://www.thecrag.com/climbing/malaysia/batu-caves,Damai Wall - Right Wall,,,Unknown 10,5c,french,sport,22.0,8,,https://www.thecrag.com/route/7362492672
Batu Caves,,Selangor,3.242325,101.687584,thecrag,https://www.thecrag.com/climbing/malaysia/batu-caves,Damai Wall - Right Wall,,,Unknown 11,6a+,french,sport,25.0,14,,https://www.thecrag.com/route/2579625585
Batu Caves,,Selangor,3.242325,101.687584,thecrag,https://www.thecrag.com/climbing/malaysia/batu-caves,Damai Wall - Right Wall,,,Kek Lapis,6b,french,sport,27.0,12,,https://www.thecrag.com/route/2415337365
Batu Caves,,Selangor,3.242325,101.687584,thecrag,https://www.thecrag.com/climbing/malaysia/batu-caves,Damai Wall - Right Wall,,,Shorty Don't Care,5c+,french,sport,7.0,3,,https://www.thecrag.com/route/2402449593
Batu Caves,,Selangor,3.242325,101.687584,thecrag,https://www.thecrag.com/climbing/malaysia/batu-caves,Damai Wall - Right Wall,,,Go Ayam Go Sayang,5c+,french,sport,8.0,4,,https://www.thecrag.com/route/2402450835
Batu Caves,,Selangor,3.242325,101.687584,thecrag,https://www.thecrag.com/climbing/malaysia/batu-caves,Damai Wall - Right Wall,,,Mono,6c,french,sport,8.0,3,,https://www.thecrag.com/route/2397730323
Batu Caves,,Selangor,3.242325,101.687584,thecrag,https://www.thecrag.com/climbing/malaysia/batu-caves,Damai Wall - Right Wall,,,Unknown,6c,french,sport,12.0,5,,https://www.thecrag.com/route/3732293298
Batu Caves,,Selangor,3.242325,101.687584,thecrag,https://www.thecrag.com/climbing/malaysia/batu-caves,Damai Wall - Right Wall,,,Unknown Crack,6b,french,sport,12.0,5,,https://www.thecrag.com/route/7091998161
Batu Caves,,Selangor,3.242325,101.687584,thecrag,https://www.thecrag.com/climbing/malaysia/batu-caves,Damai Wall - Right Wall,,,Pisau,6c,french,sport,6.0,3,,https://www.thecrag.com/route/1170079263
Batu Caves,,Selangor,3.242325,101.687584,thecrag,https://www.thecrag.com/climbing/malaysia/batu-caves,Damai Wall - Right Wall,,,ACCESS,5b,french,sport,,,,https://www.thecrag.com/route/12061154286
Batu Caves,,Selangor,3.242325,101.687584,thecrag,https://www.thecrag.com/climbing/malaysia/batu-caves,Damai Wall - Right Wall,,,Middle Tier - Leaning Crux,6a,french,sport,19.0,11,,https://www.thecrag.com/route/12056299116
Batu Caves,,Selangor,3.242325,101.687584,thecrag,https://www.thecrag.com/climbing/malaysia/batu-caves,Damai Wall - Right Wall,,,Middle Tier - Route 57,6b+,french,sport,19.0,12,,https://www.thecrag.com/route/12056292873
Batu Caves,,Selangor,3.242325,101.687584,thecrag,https://www.thecrag.com/climbing/malaysia/batu-caves,Damai Wall - Right Wall,,,Middle Tier -Bravestone,6b,french,sport,18.0,9,,https://www.thecrag.com/route/12056284149
Batu Caves,,Selangor,3.242325,101.687584,thecrag,https://www.thecrag.com/climbing/malaysia/batu-caves,Damai Wall - Right Wall,,,Middle Tier -Butterfly,6a+,french,sport,18.0,8,,https://www.thecrag.com/route/12056276544
Batu Caves,,Selangor,3.242325,101.687584,thecrag,https://www.thecrag.com/climbing/malaysia/batu-caves,Damai Wall - Right Wall,,,Middle Tier -Tier Line,5c+,french,sport,18.0,8,,https://www.thecrag.com/route/12056267445
Batu Caves,,Selangor,3.242325,101.687584,thecrag,https://www.thecrag.com/climbing/malaysia/batu-caves,Damai Wall - Right Wall,,,Access right,,,sport,,,,https://www.thecrag.com/route/12061627797
Batu Caves,,Selangor,3.242325,101.687584,thecrag,https://www.thecrag.com/climbing/malaysia/batu-caves,White Wall,,,Aimless,5c,french,sport,20.0,8,,https://www.thecrag.com/route/15704011
Batu Caves,,Selangor,3.242325,101.687584,thecrag,https://www.thecrag.com/climbing/malaysia/batu-caves,White Wall,,,Rainbow Connection,6a,french,sport,20.0,8,,https://www.thecrag.com/route/15704059
Batu Caves,,Selangor,3.242325,101.687584,thecrag,https://www.thecrag.com/climbing/malaysia/batu-caves,White Wall,,,Lockdown Madness,6b,french,sport,20.0,11,,https://www.thecrag.com/route/4253996382
Batu Caves,,Selangor,3.242325,101.687584,thecrag,https://www.thecrag.com/climbing/malaysia/batu-caves,White Wall,,,Diana in Memory,7a,french,sport,21.0,8,,https://www.thecrag.com/route/15704107
Batu Caves,,Selangor,3.242325,101.687584,thecrag,https://www.thecrag.com/climbing/malaysia/batu-caves,White Wall,,,First July,6b,french,sport,23.0,9,,https://www.thecrag.com/route/15704161
Batu Caves,,Selangor,3.242325,101.687584,thecrag,https://www.thecrag.com/climbing/malaysia/batu-caves,White Wall,,,Opium War,6a,french,sport,22.0,12,,https://www.thecrag.com/route/15704209
Batu Caves,,Selangor,3.242325,101.687584,thecrag,https://www.thecrag.com/climbing/malaysia/batu-caves,White Wall,,,Kick a Cloud,6b,french,sport,33.0,14,,https://www.thecrag.com/route/15704257
Batu Caves,,Selangor,3.242325,101.687584,thecrag,https://www.thecrag.com/climbing/malaysia/batu-caves,White Wall,,,Kavadi,7a,french,sport,24.0,9,,https://www.thecrag.com/route/15704311
Batu Caves,,Selangor,3.242325,101.687584,thecrag,https://www.thecrag.com/climbing/malaysia/batu-caves,White Wall,,,Cili Padi,7a,french,sport,35.0,16,,https://www.thecrag.com/route/15704359
Batu Caves,,Selangor,3.242325,101.687584,thecrag,https://www.thecrag.com/climbing/malaysia/batu-caves,White Wall,,,Chili Padi left,7a,french,sport,,,,https://www.thecrag.com/route/6405660465
Batu Caves,,Selangor,3.242325,101.687584,thecrag,https://www.thecrag.com/climbing/malaysia/batu-caves,White Wall,,,Tahi Ayam,7a,french,sport,18.0,7,,https://www.thecrag.com/route/15704407
Batu Caves,,Selangor,3.242325,101.687584,thecrag,https://www.thecrag.com/climbing/malaysia/batu-caves,White Wall,,,Spicy Shit,7b,french,sport,32.0,12,,https://www.thecrag.com/route/15704461
Batu Caves,,Selangor,3.242325,101.687584,thecrag,https://www.thecrag.com/climbing/malaysia/batu-caves,White Wall,,,Premordial Soup,7a+,french,sport,30.0,,,https://www.thecrag.com/route/3121058604
Batu Caves,,Selangor,3.242325,101.687584,thecrag,https://www.thecrag.com/climbing/malaysia/batu-caves,White Wall,,,Fake Meat,6b,french,sport,15.0,3,,https://www.thecrag.com/route/5332178334
Batu Caves,,Selangor,3.242325,101.687584,thecrag,https://www.thecrag.com/climbing/malaysia/batu-caves,White Wall,,,Nov'61,6c,french,sport,20.0,8,,https://www.thecrag.com/route/15704515
Batu Caves,,Selangor,3.242325,101.687584,thecrag,https://www.thecrag.com/climbing/malaysia/batu-caves,White Wall,,,Hisap Gam,7c,french,sport,,,,https://www.thecrag.com/route/6929038239
Batu Caves,,Selangor,3.242325,101.687584,thecrag,https://www.thecrag.com/climbing/malaysia/batu-caves,White Wall,,,Classic Route P1,6b,french,sport,15.0,7,,https://www.thecrag.com/route/15704569
Batu Caves,,Selangor,3.242325,101.687584,thecrag,https://www.thecrag.com/climbing/malaysia/batu-caves,White Wall,,,Classic Route P2,6b,french,trad,15.0,,,https://www.thecrag.com/route/13126940913
Batu Caves,,Selangor,3.242325,101.687584,thecrag,https://www.thecrag.com/climbing/malaysia/batu-caves,White Wall,,,Kiyoshi Delight,6b,french,sport,20.0,8,,https://www.thecrag.com/route/15704623
Batu Caves,,Selangor,3.242325,101.687584,thecrag,https://www.thecrag.com/climbing/malaysia/batu-caves,White Wall,,,La Face Cachée De White Wall,6c,french,sport,28.0,11,,https://www.thecrag.com/route/4423963935
Batu Caves,,Selangor,3.242325,101.687584,thecrag,https://www.thecrag.com/climbing/malaysia/batu-caves,White Wall,,,Uncle Bala,6c+,french,sport,,,,https://www.thecrag.com/route/11024656785
Batu Caves,,Selangor,3.242325,101.687584,thecrag,https://www.thecrag.com/climbing/malaysia/batu-caves,White Wall,,,Uncle Bala Pitch 2,,,sport,,,,https://www.thecrag.com/route/11024920113
Batu Caves,,Selangor,3.242325,101.687584,thecrag,https://www.thecrag.com/climbing/malaysia/batu-caves,White Wall,,,Name of the Woman,6a+,french,sport,15.0,8,,https://www.thecrag.com/route/15704671
Batu Caves,,Selangor,3.242325,101.687584,thecrag,https://www.thecrag.com/climbing/malaysia/batu-caves,White Wall,,,Electra,7a,french,sport,,,,https://www.thecrag.com/route/11024674092
Batu Caves,,Selangor,3.242325,101.687584,thecrag,https://www.thecrag.com/climbing/malaysia/batu-caves,White Wall,,,Enter the Dragon Remake,6b,french,sport,48.0,8,,https://www.thecrag.com/route/15704719
Batu Caves,,Selangor,3.242325,101.687584,thecrag,https://www.thecrag.com/climbing/malaysia/batu-caves,White Wall,,,Exit the Dragon,6a,french,sport,25.0,9,,https://www.thecrag.com/route/12101830137
Batu Caves,,Selangor,3.242325,101.687584,thecrag,https://www.thecrag.com/climbing/malaysia/batu-caves,White Wall,,,White Awake,6a,french,sport,55.0,24,,https://www.thecrag.com/route/9830477373
Batu Caves,,Selangor,3.242325,101.687584,thecrag,https://www.thecrag.com/climbing/malaysia/batu-caves,White Wall,,,Unnamed route,5c,french,sport,,6,,https://www.thecrag.com/route/10169155455
Batu Caves,,Selangor,3.242325,101.687584,thecrag,https://www.thecrag.com/climbing/malaysia/batu-caves,White Wall,,,The Swinging Gumby,6b,french,sport,28.0,7,,https://www.thecrag.com/route/10167532506
Batu Caves,,Selangor,3.242325,101.687584,thecrag,https://www.thecrag.com/climbing/malaysia/batu-caves,White Wall,,,Nasa's Fantasy,6b,french,trad,20.0,,,https://www.thecrag.com/route/15704767
Batu Caves,,Selangor,3.242325,101.687584,thecrag,https://www.thecrag.com/climbing/malaysia/batu-caves,Nyamuk - Anopheles Section,,,Merdekar - crash,6a,french,sport,17.0,6,,https://www.thecrag.com/route/17740057
Batu Caves,,Selangor,3.242325,101.687584,thecrag,https://www.thecrag.com/climbing/malaysia/batu-caves,Nyamuk - Anopheles Section,,,Lariam,5c,french,sport,17.0,5,,https://www.thecrag.com/route/17740105
Batu Caves,,Selangor,3.242325,101.687584,thecrag,https://www.thecrag.com/climbing/malaysia/batu-caves,Nyamuk - Anopheles Section,,,Adrenachrome,5c,french,trad,17.0,,,https://www.thecrag.com/route/17740153
Batu Caves,,Selangor,3.242325,101.687584,thecrag,https://www.thecrag.com/climbing/malaysia/batu-caves,Nyamuk - Anopheles Section,,,Fansidar,5b+,french,sport,16.0,5,,https://www.thecrag.com/route/17740201
Batu Caves,,Selangor,3.242325,101.687584,thecrag,https://www.thecrag.com/climbing/malaysia/batu-caves,Nyamuk - Shieldtox Section,,,Station to Station,6a+,french,sport,70.0,17,,https://www.thecrag.com/route/17740249
Batu Caves,,Selangor,3.242325,101.687584,thecrag,https://www.thecrag.com/climbing/malaysia/batu-caves,Nyamuk - Shieldtox Section,,,Two Pints,5b+,french,sport,12.0,4,,https://www.thecrag.com/route/17740297
Batu Caves,,Selangor,3.242325,101.687584,thecrag,https://www.thecrag.com/climbing/malaysia/batu-caves,Nyamuk - Shieldtox Section,,,Oxymoron,6c+,french,sport,27.0,11,,https://www.thecrag.com/route/17740345
Batu Caves,,Selangor,3.242325,101.687584,thecrag,https://www.thecrag.com/climbing/malaysia/batu-caves,Nyamuk - Shieldtox Section,,,Orange Juice,5b,french,sport,14.0,4,,https://www.thecrag.com/route/17740393
Batu Caves,,Selangor,3.242325,101.687584,thecrag,https://www.thecrag.com/climbing/malaysia/batu-caves,Nyamuk - Shieldtox Section,,,Le Futur N'est Plus Ce Qu'il Etait,6c,french,sport,30.0,11,,https://www.thecrag.com/route/17740447
Batu Caves,,Selangor,3.242325,101.687584,thecrag,https://www.thecrag.com/climbing/malaysia/batu-caves,Nyamuk - Shieldtox Section,,,Stigmata,7b,french,sport,30.0,11,,https://www.thecrag.com/route/2054721474
Batu Caves,,Selangor,3.242325,101.687584,thecrag,https://www.thecrag.com/climbing/malaysia/batu-caves,Nyamuk - Shieldtox Section,,,Love at First Bite,7b+,french,sport,31.0,11,,https://www.thecrag.com/route/17740501
Batu Caves,,Selangor,3.242325,101.687584,thecrag,https://www.thecrag.com/climbing/malaysia/batu-caves,Nyamuk - Shieldtox Section,,,Chess,7a,french,sport,30.0,10,,https://www.thecrag.com/route/17740555
Batu Caves,,Selangor,3.242325,101.687584,thecrag,https://www.thecrag.com/climbing/malaysia/batu-caves,Nyamuk - Shieldtox Section,,,Don't underbreak me,5c,french,sport,30.0,12,,https://www.thecrag.com/route/689539239
Batu Caves,,Selangor,3.242325,101.687584,thecrag,https://www.thecrag.com/climbing/malaysia/batu-caves,Nyamuk - Shieldtox Section,,,Lau Beh,7a,french,sport,30.0,12,,https://www.thecrag.com/route/2091337509
Batu Caves,,Selangor,3.242325,101.687584,thecrag,https://www.thecrag.com/climbing/malaysia/batu-caves,Nyamuk - Shieldtox Section,,,Diaper Jaya,6b+,french,sport,29.0,10,,https://www.thecrag.com/route/17740609
Batu Caves,,Selangor,3.242325,101.687584,thecrag,https://www.thecrag.com/climbing/malaysia/batu-caves,Nyamuk - Shieldtox Section,,,Bowel Movements,6a,french,sport,29.0,8,,https://www.thecrag.com/route/17740693
Batu Caves,,Selangor,3.242325,101.687584,thecrag,https://www.thecrag.com/climbing/malaysia/batu-caves,Nyamuk - Shieldtox Section,,,Pear,7a,french,sport,28.0,7,,https://www.thecrag.com/route/17740747
Batu Caves,,Selangor,3.242325,101.687584,thecrag,https://www.thecrag.com/climbing/malaysia/batu-caves,Nyamuk - Shieldtox Section,,,Harry's Code,7b,french,sport,30.0,12,,https://www.thecrag.com/route/2068329978
Batu Caves,,Selangor,3.242325,101.687584,thecrag,https://www.thecrag.com/climbing/malaysia/batu-caves,Nyamuk - Shieldtox Section,,,In Guns We Trust,5c+,french,sport,30.0,10,,https://www.thecrag.com/route/17740801
Batu Caves,,Selangor,3.242325,101.687584,thecrag,https://www.thecrag.com/climbing/malaysia/batu-caves,Nyamuk - Shieldtox Section,,,34 C,6b,french,sport,30.0,12,,https://www.thecrag.com/route/2043951297
Batu Caves,,Selangor,3.242325,101.687584,thecrag,https://www.thecrag.com/climbing/malaysia/batu-caves,Nyamuk - Shieldtox Section,,,Bangsar Babes Backdrop,6a+,french,sport,30.0,10,,https://www.thecrag.com/route/17740855
Batu Caves,,Selangor,3.242325,101.687584,thecrag,https://www.thecrag.com/climbing/malaysia/batu-caves,Nyamuk - Shieldtox Section,,,Voltaren,6a,french,sport,27.0,10,,https://www.thecrag.com/route/17740909
Batu Caves,,Selangor,3.242325,101.687584,thecrag,https://www.thecrag.com/climbing/malaysia/batu-caves,Nyamuk - Shieldtox Section,,,Kamchatka,5c+,french,sport,24.0,7,,https://www.thecrag.com/route/17740957
Batu Caves,,Selangor,3.242325,101.687584,thecrag,https://www.thecrag.com/climbing/malaysia/batu-caves,Nyamuk - Shieldtox Section,,,Shiok Sendiri,6a+,french,sport,26.0,9,,https://www.thecrag.com/route/17741005
Batu Caves,,Selangor,3.242325,101.687584,thecrag,https://www.thecrag.com/climbing/malaysia/batu-caves,Nyamuk - Shieldtox Section,,,Hot Tempered Freaking Glue Gun,6b+,french,sport,31.0,10,,https://www.thecrag.com/route/17741059
Batu Caves,,Selangor,3.242325,101.687584,thecrag,https://www.thecrag.com/climbing/malaysia/batu-caves,Nyamuk - Shieldtox Section,,,Prophylaxis,7b+,french,sport,33.0,11,,https://www.thecrag.com/route/17741113
Batu Caves,,Selangor,3.242325,101.687584,thecrag,https://www.thecrag.com/climbing/malaysia/batu-caves,Nyamuk - Shieldtox Section,,,Sexual Harassment Panda,7a,french,sport,30.0,10,,https://www.thecrag.com/route/2070076992
Batu Caves,,Selangor,3.242325,101.687584,thecrag,https://www.thecrag.com/climbing/malaysia/batu-caves,Nyamuk - Shieldtox Section,,,14 draws without oxygen,7b,french,sport,33.0,14,,https://www.thecrag.com/route/5755069239
Batu Caves,,Selangor,3.242325,101.687584,thecrag,https://www.thecrag.com/climbing/malaysia/batu-caves,Nyamuk - Shieldtox Section,,,Noise Pollution,8a,french,sport,33.0,,,https://www.thecrag.com/route/5755072500
Batu Caves,,Selangor,3.242325,101.687584,thecrag,https://www.thecrag.com/climbing/malaysia/batu-caves,Nyamuk - Shieldtox Section,,,Detoxification,V3,french,boulder,,,,https://www.thecrag.com/route/11764980720
Batu Caves,,Selangor,3.242325,101.687584,thecrag,https://www.thecrag.com/climbing/malaysia/batu-caves,Nyamuk - Dengue Section,,,Foreign Investment,7b,french,sport,31.0,12,,https://www.thecrag.com/route/17741161
Batu Caves,,Selangor,3.242325,101.687584,thecrag,https://www.thecrag.com/climbing/malaysia/batu-caves,Nyamuk - Dengue Section,,,Osmosis,7c,french,sport,36.0,14,,https://www.thecrag.com/route/17741215
Batu Caves,,Selangor,3.242325,101.687584,thecrag,https://www.thecrag.com/climbing/malaysia/batu-caves,Nyamuk - Dengue Section,,,Project,,,sport,,,,https://www.thecrag.com/route/9946151652
Batu Caves,,Selangor,3.242325,101.687584,thecrag,https://www.thecrag.com/climbing/malaysia/batu-caves,Nyamuk - Dengue Section,,,The Pledge,8a,french,sport,26.0,9,,https://www.thecrag.com/route/17741269
Batu Caves,,Selangor,3.242325,101.687584,thecrag,https://www.thecrag.com/climbing/malaysia/batu-caves,Nyamuk - Dengue Section,,,Intergrated Mosqito Management (IMM),8a+,french,sport,41.0,15,,https://www.thecrag.com/route/17741323
Batu Caves,,Selangor,3.242325,101.687584,thecrag,https://www.thecrag.com/climbing/malaysia/batu-caves,Nyamuk - Dengue Section,,,Bada Bing!,8b/b+,french,sport,28.0,13,,https://www.thecrag.com/route/2564627820
Batu Caves,,Selangor,3.242325,101.687584,thecrag,https://www.thecrag.com/climbing/malaysia/batu-caves,Nyamuk - Dengue Section,,,Project…,,,sport,,,,https://www.thecrag.com/route/9946153131
Batu Caves,,Selangor,3.242325,101.687584,thecrag,https://www.thecrag.com/climbing/malaysia/batu-caves,Nyamuk - Larva Section,,,Pulpit,5a,french,trad,11.0,0,,https://www.thecrag.com/route/17739817
Batu Caves,,Selangor,3.242325,101.687584,thecrag,https://www.thecrag.com/climbing/malaysia/batu-caves,Nyamuk - Larva Section,,,Stoning Lee,6b,french,trad,11.0,3,,https://www.thecrag.com/route/17739865
Batu Caves,,Selangor,3.242325,101.687584,thecrag,https://www.thecrag.com/climbing/malaysia/batu-caves,Nyamuk - Larva Section,,,Easy Root,5b,french,trad,9.0,2,,https://www.thecrag.com/route/17739913
Batu Caves,,Selangor,3.242325,101.687584,thecrag,https://www.thecrag.com/climbing/malaysia/batu-caves,Nyamuk - Fumakilla Section,,,Operasi Batu,7c,french,sport,25.0,11,,https://www.thecrag.com/route/7598466471
Batu Caves,,Selangor,3.242325,101.687584,thecrag,https://www.thecrag.com/climbing/malaysia/batu-caves,Nyamuk - Fumakilla Section,,,Q.E.D,8b,french,sport,25.0,,,https://www.thecrag.com/route/9697582839
Batu Caves,,Selangor,3.242325,101.687584,thecrag,https://www.thecrag.com/climbing/malaysia/batu-caves,Nyamuk - Fumakilla Section,,,Moral Moron,7b,french,sport,21.0,7,,https://www.thecrag.com/route/2070042348
Batu Caves,,Selangor,3.242325,101.687584,thecrag,https://www.thecrag.com/climbing/malaysia/batu-caves,Nyamuk - Fumakilla Section,,,Monkeyland,7a+,french,sport,19.0,6,,https://www.thecrag.com/route/17741377
Batu Caves,,Selangor,3.242325,101.687584,thecrag,https://www.thecrag.com/climbing/malaysia/batu-caves,Nyamuk - Fumakilla Section,,,9.99km,7c+/8a,french,sport,17.0,7,,https://www.thecrag.com/route/7143727380
Batu Caves,,Selangor,3.242325,101.687584,thecrag,https://www.thecrag.com/climbing/malaysia/batu-caves,Nyamuk - Fumakilla Section,,,Two Drops,6b,french,sport,17.0,5,,https://www.thecrag.com/route/17741425
Batu Caves,,Selangor,3.242325,101.687584,thecrag,https://www.thecrag.com/climbing/malaysia/batu-caves,Nyamuk - Fumakilla Section,,,My Favourite things,6b+,french,sport,15.0,4,,https://www.thecrag.com/route/17741479
Batu Caves,,Selangor,3.242325,101.687584,thecrag,https://www.thecrag.com/climbing/malaysia/batu-caves,Nyamuk - Fumakilla Section,,,Alma Flora,6b,french,sport,12.0,3,,https://www.thecrag.com/route/17741533
Batu Caves,,Selangor,3.242325,101.687584,thecrag,https://www.thecrag.com/climbing/malaysia/batu-caves,Nyamuk - Fumakilla Section,,,Jalan Sehala,5c,french,sport,11.0,4,,https://www.thecrag.com/route/17741587
Batu Caves,,Selangor,3.242325,101.687584,thecrag,https://www.thecrag.com/climbing/malaysia/batu-caves,Nyamuk - Fumakilla Section,,,Llias,6b,french,sport,12.0,4,,https://www.thecrag.com/route/17741635
Batu Caves,,Selangor,3.242325,101.687584,thecrag,https://www.thecrag.com/climbing/malaysia/batu-caves,Nyamuk - Fumakilla Section,,,Ulysse,6a+,french,sport,13.0,4,,https://www.thecrag.com/route/17741683
Batu Caves,,Selangor,3.242325,101.687584,thecrag,https://www.thecrag.com/climbing/malaysia/batu-caves,Nyamuk - Fumakilla Section,,,Training Day,6b,french,sport,87.0,26,,https://www.thecrag.com/route/17741731
Batu Caves,,Selangor,3.242325,101.687584,thecrag,https://www.thecrag.com/climbing/malaysia/batu-caves,Nyamuk - Fumakilla Section,,,1st May Variant,4a,french,sport,17.0,4,,https://www.thecrag.com/route/17741785
Batu Caves,,Selangor,3.242325,101.687584,thecrag,https://www.thecrag.com/climbing/malaysia/batu-caves,Nyamuk - Fumakilla Section,,,Labour Day,6a+,french,sport,14.0,4,,https://www.thecrag.com/route/17741833
Batu Caves,,Selangor,3.242325,101.687584,thecrag,https://www.thecrag.com/climbing/malaysia/batu-caves,Nyamuk - Fumakilla Section,,,Training Rules,5c+,french,sport,17.0,6,,https://www.thecrag.com/route/17741887
Batu Caves,,Selangor,3.242325,101.687584,thecrag,https://www.thecrag.com/climbing/malaysia/batu-caves,Nyamuk - Fumakilla Section,,,Unknown,5c+,french,sport,18.0,5,,https://www.thecrag.com/route/2299001769
Batu Caves,,Selangor,3.242325,101.687584,thecrag,https://www.thecrag.com/climbing/malaysia/batu-caves,Nyamuk - Fumakilla Section,,,The Rules of Attraction,6c,french,sport,16.0,6,,https://www.thecrag.com/route/17741935
Batu Caves,,Selangor,3.242325,101.687584,thecrag,https://www.thecrag.com/climbing/malaysia/batu-caves,Nyamuk - Fumakilla Section,,,Stupid with Manners,7a,french,sport,16.0,5,,https://www.thecrag.com/route/17741989
Batu Caves,,Selangor,3.242325,101.687584,thecrag,https://www.thecrag.com/climbing/malaysia/batu-caves,Nyamuk - Fumakilla Section,,,David at la Marseilleaise,6c,french,sport,18.0,5,,https://www.thecrag.com/route/17742037
Batu Caves,,Selangor,3.242325,101.687584,thecrag,https://www.thecrag.com/climbing/malaysia/batu-caves,Nyamuk - Fumakilla Section,,,Dirk Diggler,5c,french,sport,26.0,9,,https://www.thecrag.com/route/17742085
Batu Caves,,Selangor,3.242325,101.687584,thecrag,https://www.thecrag.com/climbing/malaysia/batu-caves,Nyamuk - Fumakilla Section,,,Firestarter,5b+,french,sport,27.0,9,,https://www.thecrag.com/route/17742133
Batu Caves,,Selangor,3.242325,101.687584,thecrag,https://www.thecrag.com/climbing/malaysia/batu-caves,Nyamuk - Fumakilla Section,,,Up in Smoke,5c,french,sport,25.0,9,,https://www.thecrag.com/route/17742181
Batu Caves,,Selangor,3.242325,101.687584,thecrag,https://www.thecrag.com/climbing/malaysia/batu-caves,Nyamuk - Fumakilla Section,,,Because I got High,6b+,french,sport,16.0,5,,https://www.thecrag.com/route/17742229
Batu Caves,,Selangor,3.242325,101.687584,thecrag,https://www.thecrag.com/climbing/malaysia/batu-caves,Nyamuk - Ridsect Section,,,Daisy Chain,6a,french,sport,32.0,12,,https://www.thecrag.com/route/17739961
Batu Caves,,Selangor,3.242325,101.687584,thecrag,https://www.thecrag.com/climbing/malaysia/batu-caves,Nyamuk - Ridsect Section,,,Tribute to Jimmy Pop,6a,french,sport,32.0,9,,https://www.thecrag.com/route/17740009
Batu Caves,,Selangor,3.242325,101.687584,thecrag,https://www.thecrag.com/climbing/malaysia/batu-caves,Nyamuk - Ridsect Section,,,Project 1,,,sport,,,,https://www.thecrag.com/route/4251860373
Batu Caves,,Selangor,3.242325,101.687584,thecrag,https://www.thecrag.com/climbing/malaysia/batu-caves,Nyamuk - Ridsect Section,,,Pheonix,6b+,french,sport,,7,,https://www.thecrag.com/route/4251861627
Batu Caves,,Selangor,3.242325,101.687584,thecrag,https://www.thecrag.com/climbing/malaysia/batu-caves,Nyamuk - Ridsect Section,,,Limited Liability,6a,french,sport,,8,,https://www.thecrag.com/route/2564031729
Batu Caves,,Selangor,3.242325,101.687584,thecrag,https://www.thecrag.com/climbing/malaysia/batu-caves,Nyamuk - Ridsect Section,,,800 Bucks Down The Hill,6a,french,sport,,9,,https://www.thecrag.com/route/2564033100
Batu Caves,,Selangor,3.242325,101.687584,thecrag,https://www.thecrag.com/climbing/malaysia/batu-caves,Nyamuk - Ridsect Section,,,Otesanek,6a+,french,sport,,5,,https://www.thecrag.com/route/2564034159
Batu Caves,,Selangor,3.242325,101.687584,thecrag,https://www.thecrag.com/climbing/malaysia/batu-caves,Nyamuk - Ridsect Section,,,The Legacy Of Luna,6b,french,sport,24.0,9,,https://www.thecrag.com/route/2564035230
Batu Caves,,Selangor,3.242325,101.687584,thecrag,https://www.thecrag.com/climbing/malaysia/batu-caves,Nyamuk - Ridsect Section,,,Love Handles,6c,french,sport,,12,,https://www.thecrag.com/route/4251866577
Batu Caves,,Selangor,3.242325,101.687584,thecrag,https://www.thecrag.com/climbing/malaysia/batu-caves,Nyamuk - Ridsect Section,,,Occam's Razor,,,sport,,,,https://www.thecrag.com/route/4251868887
Batu Caves,,Selangor,3.242325,101.687584,thecrag,https://www.thecrag.com/climbing/malaysia/batu-caves,Nyamuk - Ridsect Section,,,Pawns and Minions,,,sport,,12,,https://www.thecrag.com/route/4251870000
Batu Caves,,Selangor,3.242325,101.687584,thecrag,https://www.thecrag.com/climbing/malaysia/batu-caves,Nyamuk - Ridsect Section,,,The King's Gambit,6c,french,sport,,12,,https://www.thecrag.com/route/4251870972
Batu Caves,,Selangor,3.242325,101.687584,thecrag,https://www.thecrag.com/climbing/malaysia/batu-caves,Nyamuk - Ridsect Section,,,Regression,6c+,french,sport,,12,,https://www.thecrag.com/route/4251872046
Batu Caves,,Selangor,3.242325,101.687584,thecrag,https://www.thecrag.com/climbing/malaysia/batu-caves,Nyamuk - Ridsect Section,,,Four Season's Gardening,5c,french,sport,,14,,https://www.thecrag.com/route/4251878127
Batu Caves,,Selangor,3.242325,101.687584,thecrag,https://www.thecrag.com/climbing/malaysia/batu-caves,Nyamuk - Ridsect Section,,,All Route's Matter,5c+,french,sport,,11,,https://www.thecrag.com/route/4251879915
Batu Caves,,Selangor,3.242325,101.687584,thecrag,https://www.thecrag.com/climbing/malaysia/batu-caves,Nyamuk - Boulder Section,,,Waterslide,V3,french,boulder,4.0,,,https://www.thecrag.com/route/4427289531
Batu Caves,,Selangor,3.242325,101.687584,thecrag,https://www.thecrag.com/climbing/malaysia/batu-caves,Nyamuk - Boulder Section,,,Millipede,V3,french,boulder,3.0,,,https://www.thecrag.com/route/9747340938
Batu Caves,,Selangor,3.242325,101.687584,thecrag,https://www.thecrag.com/climbing/malaysia/batu-caves,Nyamuk - Boulder Section,,,Centipede,V3,french,boulder,2.0,,,https://www.thecrag.com/route/11711722836
Batu Caves,,Selangor,3.242325,101.687584,thecrag,https://www.thecrag.com/climbing/malaysia/batu-caves,Nyamuk - Boulder Section,,,Crack Widow,V1,french,boulder,4.0,,,https://www.thecrag.com/route/11712026307
Batu Caves,,Selangor,3.242325,101.687584,thecrag,https://www.thecrag.com/climbing/malaysia/batu-caves,Nyamuk - Boulder Section,,,Black Widow,V6,french,boulder,4.0,,,https://www.thecrag.com/route/4427290497
Batu Caves,,Selangor,3.242325,101.687584,thecrag,https://www.thecrag.com/climbing/malaysia/batu-caves,Nyamuk - Boulder Section,,,Muka haram,V4,french,boulder,4.0,,,https://www.thecrag.com/route/9751086750
Batu Caves,,Selangor,3.242325,101.687584,thecrag,https://www.thecrag.com/climbing/malaysia/batu-caves,Nyamuk - Boulder Section,,,Bucu haram,V3,french,boulder,4.0,,,https://www.thecrag.com/route/4508877678
Batu Caves,,Selangor,3.242325,101.687584,thecrag,https://www.thecrag.com/climbing/malaysia/batu-caves,Nyamuk - Boulder Section,,,Goyang,V3,french,boulder,3.0,,,https://www.thecrag.com/route/4427292693
Batu Caves,,Selangor,3.242325,101.687584,thecrag,https://www.thecrag.com/climbing/malaysia/batu-caves,Nyamuk - Boulder Section,,,Goyang ke,V4,french,boulder,3.0,,,https://www.thecrag.com/route/4508905263
Batu Caves,,Selangor,3.242325,101.687584,thecrag,https://www.thecrag.com/climbing/malaysia/batu-caves,Nyamuk - Boulder Section,,,Fat Ripper,V7,french,boulder,5.0,,,https://www.thecrag.com/route/4508876121
Batu Caves,,Selangor,3.242325,101.687584,thecrag,https://www.thecrag.com/climbing/malaysia/batu-caves,Nyamuk - Boulder Section,,,One move too hard,V7,french,boulder,5.0,,,https://www.thecrag.com/route/4427293530
Batu Caves,,Selangor,3.242325,101.687584,thecrag,https://www.thecrag.com/climbing/malaysia/batu-caves,Nyamuk - Boulder Section,,,Back from Lockdown,V2,french,boulder,3.0,,,https://www.thecrag.com/route/5246435310
Batu Caves,,Selangor,3.242325,101.687584,thecrag,https://www.thecrag.com/climbing/malaysia/batu-caves,Nyamuk - Boulder Section,,,Back from Lockdown (sit start),V3,french,boulder,3.0,,,https://www.thecrag.com/route/5246449110
Batu Caves,,Selangor,3.242325,101.687584,thecrag,https://www.thecrag.com/climbing/malaysia/batu-caves,Nyamuk - Boulder Section,,,Here we go again,V3,french,boulder,3.0,,,https://www.thecrag.com/route/5246469186
Batu Caves,,Selangor,3.242325,101.687584,thecrag,https://www.thecrag.com/climbing/malaysia/batu-caves,Nyamuk - Malaria Section,,,Bangun tidur,V1,french,boulder,,,,https://www.thecrag.com/route/4508912271
Batu Caves,,Selangor,3.242325,101.687584,thecrag,https://www.thecrag.com/climbing/malaysia/batu-caves,Nyamuk - Malaria Section,,,Unknown 1,V1,french,boulder,,,,https://www.thecrag.com/route/4508915586
Batu Caves,,Selangor,3.242325,101.687584,thecrag,https://www.thecrag.com/climbing/malaysia/batu-caves,Nyamuk - Malaria Section,,,Bata,V1,french,boulder,,,,https://www.thecrag.com/route/4508919828
Batu Caves,,Selangor,3.242325,101.687584,thecrag,https://www.thecrag.com/climbing/malaysia/batu-caves,Nyamuk - Malaria Section,,,Small victory,V1,french,boulder,,,,https://www.thecrag.com/route/4508917680
Batu Caves,,Selangor,3.242325,101.687584,thecrag,https://www.thecrag.com/climbing/malaysia/batu-caves,Nyamuk - Malaria Section,,,Unknown 2,V2,french,boulder,,,,https://www.thecrag.com/route/4508921187
Batu Caves,,Selangor,3.242325,101.687584,thecrag,https://www.thecrag.com/climbing/malaysia/batu-caves,Nyamuk - Malaria Section,,,Honest,V3,french,boulder,,,,https://www.thecrag.com/route/4508922618
Batu Caves,,Selangor,3.242325,101.687584,thecrag,https://www.thecrag.com/climbing/malaysia/batu-caves,Nyamuk - Malaria Section,,,Intrepidity,V2,french,boulder,,,,https://www.thecrag.com/route/4508923740
Batu Caves,,Selangor,3.242325,101.687584,thecrag,https://www.thecrag.com/climbing/malaysia/batu-caves,Nyamuk - Malaria Section,,,Cry & Climb,V3,french,boulder,,,,https://www.thecrag.com/route/4396993968
Batu Caves,,Selangor,3.242325,101.687584,thecrag,https://www.thecrag.com/climbing/malaysia/batu-caves,Nyamuk - Malaria Section,,,Lost in the jungle,V6,french,boulder,,,,https://www.thecrag.com/route/4396995321
Batu Caves,,Selangor,3.242325,101.687584,thecrag,https://www.thecrag.com/climbing/malaysia/batu-caves,Nyamuk - Malaria Section,,,Gay Harrasment,V4,french,boulder,,,,https://www.thecrag.com/route/4396996419
Batu Caves,,Selangor,3.242325,101.687584,thecrag,https://www.thecrag.com/climbing/malaysia/batu-caves,Nyamuk - Malaria Section,,,Influenzzzer,V6,french,boulder,,,,https://www.thecrag.com/route/4396998537
Batu Caves,,Selangor,3.242325,101.687584,thecrag,https://www.thecrag.com/climbing/malaysia/batu-caves,Nyamuk - Malaria Section,,,Overthinking,V3,french,boulder,,,,https://www.thecrag.com/route/4397000037
Batu Caves,,Selangor,3.242325,101.687584,thecrag,https://www.thecrag.com/climbing/malaysia/batu-caves,Nyamuk - Malaria Section,,,Najjar,V1,french,boulder,,,,https://www.thecrag.com/route/4397005107
Batu Caves,,Selangor,3.242325,101.687584,thecrag,https://www.thecrag.com/climbing/malaysia/batu-caves,Nyamuk - Malaria Section,,,Frog on the log,V2,french,boulder,,,,https://www.thecrag.com/route/4397009469
Batu Caves,,Selangor,3.242325,101.687584,thecrag,https://www.thecrag.com/climbing/malaysia/batu-caves,Volleyball Site - Sector A,,,Unknown 1,6b+,french,sport,,,,https://www.thecrag.com/route/13378186755
Batu Caves,,Selangor,3.242325,101.687584,thecrag,https://www.thecrag.com/climbing/malaysia/batu-caves,Volleyball Site - Sector A,,,Unknown 2,6b+/c,french,sport,19.0,9,,https://www.thecrag.com/route/13378186842
Batu Caves,,Selangor,3.242325,101.687584,thecrag,https://www.thecrag.com/climbing/malaysia/batu-caves,Volleyball Site - Sector A,,,Unknown 3,6a+,french,sport,,,,https://www.thecrag.com/route/13378202847
Batu Caves,,Selangor,3.242325,101.687584,thecrag,https://www.thecrag.com/climbing/malaysia/batu-caves,Volleyball Site - Sector A,,,Unknown 4,6a,french,sport,42.0,,,https://www.thecrag.com/route/13378186929
Batu Caves,,Selangor,3.242325,101.687584,thecrag,https://www.thecrag.com/climbing/malaysia/batu-caves,Volleyball Site - Sector A,,,Unknown 5,6c+/7a,french,sport,,,,https://www.thecrag.com/route/13378187016
Batu Caves,,Selangor,3.242325,101.687584,thecrag,https://www.thecrag.com/climbing/malaysia/batu-caves,Volleyball Site - Sector A,,,Unknown 6,6b,french,sport,,,,https://www.thecrag.com/route/13378212723
Batu Caves,,Selangor,3.242325,101.687584,thecrag,https://www.thecrag.com/climbing/malaysia/batu-caves,Volleyball Site - Sector A,,,Unknown 7,6a,french,sport,39.0,,,https://www.thecrag.com/route/13378187103
Batu Caves,,Selangor,3.242325,101.687584,thecrag,https://www.thecrag.com/climbing/malaysia/batu-caves,Volleyball Site - Sector A,,,Unknown 7 - P2 Left Variation,6a+,french,sport,,,,https://www.thecrag.com/route/13378227690
Batu Caves,,Selangor,3.242325,101.687584,thecrag,https://www.thecrag.com/climbing/malaysia/batu-caves,Volleyball Site - Sector A,,,Unknown 8,6c+/7a,french,sport,,,,https://www.thecrag.com/route/13378187193
Batu Caves,,Selangor,3.242325,101.687584,thecrag,https://www.thecrag.com/climbing/malaysia/batu-caves,Volleyball Site - Sector A,,,Unknown 9,6a,french,sport,,,,https://www.thecrag.com/route/13378232670
Batu Caves,,Selangor,3.242325,101.687584,thecrag,https://www.thecrag.com/climbing/malaysia/batu-caves,Volleyball Site - Sector A,,,Unknown 10,6b,french,sport,,,,https://www.thecrag.com/route/13378187283
Batu Caves,,Selangor,3.242325,101.687584,thecrag,https://www.thecrag.com/climbing/malaysia/batu-caves,Volleyball Site - Sector A,,,Unknown 11,,,sport,,,,https://www.thecrag.com/route/13378187370
Batu Caves,,Selangor,3.242325,101.687584,thecrag,https://www.thecrag.com/climbing/malaysia/batu-caves,Volleyball Site - Sector A,,,Unknown 12,7b+,french,sport,,,,https://www.thecrag.com/route/13378187442
Batu Caves,,Selangor,3.242325,101.687584,thecrag,https://www.thecrag.com/climbing/malaysia/batu-caves,Volleyball Site - Main Wall - Sector (B+C),,,Sector B - Unknown 1,5c+,french,sport,,7,,https://www.thecrag.com/route/13377889329
Batu Caves,,Selangor,3.242325,101.687584,thecrag,https://www.thecrag.com/climbing/malaysia/batu-caves,Volleyball Site - Main Wall - Sector (B+C),,,Sector B - Unknown 2,5c+,french,sport,,5,,https://www.thecrag.com/route/13377889419
Batu Caves,,Selangor,3.242325,101.687584,thecrag,https://www.thecrag.com/climbing/malaysia/batu-caves,Volleyball Site - Main Wall - Sector (B+C),,,Sector B - Unknown 3,6a,french,sport,,8,,https://www.thecrag.com/route/13377889506
Batu Caves,,Selangor,3.242325,101.687584,thecrag,https://www.thecrag.com/climbing/malaysia/batu-caves,Volleyball Site - Main Wall - Sector (B+C),,,Sector B - Unknown 4,5c,french,sport,,4,,https://www.thecrag.com/route/13377889608
Batu Caves,,Selangor,3.242325,101.687584,thecrag,https://www.thecrag.com/climbing/malaysia/batu-caves,Volleyball Site - Main Wall - Sector (B+C),,,Sector B - Unknown 5,6a+,french,sport,,5,,https://www.thecrag.com/route/13377889704
Batu Caves,,Selangor,3.242325,101.687584,thecrag,https://www.thecrag.com/climbing/malaysia/batu-caves,Volleyball Site - Main Wall - Sector (B+C),,,Pak Tan Lower Extension,7a,french,sport,22.0,9,,https://www.thecrag.com/route/9253193157
Batu Caves,,Selangor,3.242325,101.687584,thecrag,https://www.thecrag.com/climbing/malaysia/batu-caves,Volleyball Site - Main Wall - Sector (B+C),,,A.P.,5c+,french,sport,14.0,6,,https://www.thecrag.com/route/15701155
Batu Caves,,Selangor,3.242325,101.687584,thecrag,https://www.thecrag.com/climbing/malaysia/batu-caves,Volleyball Site - Main Wall - Sector (B+C),,,Ants Cove,6b+,french,sport,15.0,7,,https://www.thecrag.com/route/15701209
Batu Caves,,Selangor,3.242325,101.687584,thecrag,https://www.thecrag.com/climbing/malaysia/batu-caves,Volleyball Site - Main Wall - Sector (B+C),,,M.M.M.,,,sport,14.0,7,,https://www.thecrag.com/route/8008016976
Batu Caves,,Selangor,3.242325,101.687584,thecrag,https://www.thecrag.com/climbing/malaysia/batu-caves,Volleyball Site - Main Wall - Sector (B+C),,,Scorpion,7a,french,sport,13.0,6,,https://www.thecrag.com/route/15701263
Batu Caves,,Selangor,3.242325,101.687584,thecrag,https://www.thecrag.com/climbing/malaysia/batu-caves,Volleyball Site - Main Wall - Sector (B+C),,,Malaysia Supreme,6c+,french,sport,15.0,7,,https://www.thecrag.com/route/15701317
Batu Caves,,Selangor,3.242325,101.687584,thecrag,https://www.thecrag.com/climbing/malaysia/batu-caves,Volleyball Site - Main Wall - Sector (B+C),,,Tiger,6b,french,sport,18.0,7,,https://www.thecrag.com/route/15701371
Batu Caves,,Selangor,3.242325,101.687584,thecrag,https://www.thecrag.com/climbing/malaysia/batu-caves,Volleyball Site - Main Wall - Sector (B+C),,,Kepala Naga,6a+,french,sport,20.0,9,,https://www.thecrag.com/route/15701425
Batu Caves,,Selangor,3.242325,101.687584,thecrag,https://www.thecrag.com/climbing/malaysia/batu-caves,Volleyball Site - Main Wall - Sector (B+C),,,Coves,6a,french,sport,20.0,6,,https://www.thecrag.com/route/15701503
Batu Caves,,Selangor,3.242325,101.687584,thecrag,https://www.thecrag.com/climbing/malaysia/batu-caves,Volleyball Site - Main Wall - Sector (B+C),,,G. Lepak,5c+,french,sport,8.0,5,,https://www.thecrag.com/route/15701557
Batu Caves,,Selangor,3.242325,101.687584,thecrag,https://www.thecrag.com/climbing/malaysia/batu-caves,Volleyball Site - Main Wall - Sector (B+C),,,G. Lepak/Barracuda Extension,6b+,french,sport,23.0,10,,https://www.thecrag.com/route/10736279058
Batu Caves,,Selangor,3.242325,101.687584,thecrag,https://www.thecrag.com/climbing/malaysia/batu-caves,Volleyball Site - Main Wall - Sector (B+C),,,"$, RM",6b+/c,french,sport,20.0,11,,https://www.thecrag.com/route/8330961633
Batu Caves,,Selangor,3.242325,101.687584,thecrag,https://www.thecrag.com/climbing/malaysia/batu-caves,Volleyball Site - Main Wall - Sector (B+C),,,Witness the tension,6c,french,sport,20.0,8,,https://www.thecrag.com/route/8008185318
Batu Caves,,Selangor,3.242325,101.687584,thecrag,https://www.thecrag.com/climbing/malaysia/batu-caves,Volleyball Site - Main Wall - Sector (B+C),,,La Nina,6b,french,sport,20.0,6,,https://www.thecrag.com/route/15701617
Batu Caves,,Selangor,3.242325,101.687584,thecrag,https://www.thecrag.com/climbing/malaysia/batu-caves,Volleyball Site - Main Wall - Sector (B+C),,,El Nino,6a+,french,sport,23.0,8,,https://www.thecrag.com/route/15701677
Batu Caves,,Selangor,3.242325,101.687584,thecrag,https://www.thecrag.com/climbing/malaysia/batu-caves,Volleyball Site - Main Wall - Sector (B+C),,,Sundance,5c,french,sport,20.0,11,,https://www.thecrag.com/route/15701731
Batu Caves,,Selangor,3.242325,101.687584,thecrag,https://www.thecrag.com/climbing/malaysia/batu-caves,Volleyball Site - Main Wall - Sector (B+C),,,Christmas Root,5c+,french,sport,29.0,11,,https://www.thecrag.com/route/15701785
Batu Caves,,Selangor,3.242325,101.687584,thecrag,https://www.thecrag.com/climbing/malaysia/batu-caves,Volleyball Site - Main Wall - Sector (B+C),,,Unknown,6b,french,sport,,7,,https://www.thecrag.com/route/13473931263
Batu Caves,,Selangor,3.242325,101.687584,thecrag,https://www.thecrag.com/climbing/malaysia/batu-caves,Volleyball Site - Main Wall - Sector (B+C),,,Waiting for Visa,6c,french,sport,,8,,https://www.thecrag.com/route/15701839
Batu Caves,,Selangor,3.242325,101.687584,thecrag,https://www.thecrag.com/climbing/malaysia/batu-caves,Volleyball Site - Main Wall - Sector (B+C),,,Petrichor,8b,french,sport,,6,,https://www.thecrag.com/route/15701893
Batu Caves,,Selangor,3.242325,101.687584,thecrag,https://www.thecrag.com/climbing/malaysia/batu-caves,Volleyball Site - Main Wall - Sector (B+C),,,No Pian No Gian,7b,french,sport,,7,,https://www.thecrag.com/route/15701947
Batu Caves,,Selangor,3.242325,101.687584,thecrag,https://www.thecrag.com/climbing/malaysia/batu-caves,Volleyball Site - Main Wall - Sector (B+C),,,Sesat Habuk,6a+,french,sport,17.0,7,,https://www.thecrag.com/route/15701995
Batu Caves,,Selangor,3.242325,101.687584,thecrag,https://www.thecrag.com/climbing/malaysia/batu-caves,Volleyball Site - Main Wall - Sector (B+C),,,Elephant Trunk,5c+,french,sport,10.0,6,,https://www.thecrag.com/route/7925918007
Batu Caves,,Selangor,3.242325,101.687584,thecrag,https://www.thecrag.com/climbing/malaysia/batu-caves,Volleyball Site - Main Wall - Sector (B+C),,,Like Father Like Son,5c+,french,sport,11.0,5,,https://www.thecrag.com/route/7925921856
Batu Caves,,Selangor,3.242325,101.687584,thecrag,https://www.thecrag.com/climbing/malaysia/batu-caves,Volleyball Site - Main Wall - Sector (B+C),,,Like Father Like Son Extension,6b,french,sport,15.0,9,,https://www.thecrag.com/route/9615952827
Batu Caves,,Selangor,3.242325,101.687584,thecrag,https://www.thecrag.com/climbing/malaysia/batu-caves,Volleyball Site - Main Wall - Sector (B+C),,,Five See,6b+,french,sport,23.0,10,,https://www.thecrag.com/route/7925923692
Batu Caves,,Selangor,3.242325,101.687584,thecrag,https://www.thecrag.com/climbing/malaysia/batu-caves,Volleyball Site - Main Wall - Sector (B+C),,,Doctor Batu,6b,french,sport,6.0,,,https://www.thecrag.com/route/7925935278
Batu Caves,,Selangor,3.242325,101.687584,thecrag,https://www.thecrag.com/climbing/malaysia/batu-caves,Nanyang Wall - Left (Section A + B),,,Unknown,5c+,french,sport,10.0,4,,https://www.thecrag.com/route/13032050076
Batu Caves,,Selangor,3.242325,101.687584,thecrag,https://www.thecrag.com/climbing/malaysia/batu-caves,Nanyang Wall - Left (Section A + B),,,Curry Laksa,6a,french,sport,12.0,4,,https://www.thecrag.com/route/17739127
Batu Caves,,Selangor,3.242325,101.687584,thecrag,https://www.thecrag.com/climbing/malaysia/batu-caves,Nanyang Wall - Left (Section A + B),,,Birthday Presents,6a+,french,sport,10.0,4,,https://www.thecrag.com/route/17739175
Batu Caves,,Selangor,3.242325,101.687584,thecrag,https://www.thecrag.com/climbing/malaysia/batu-caves,Nanyang Wall - Left (Section A + B),,,Westside,6c,french,sport,20.0,,,https://www.thecrag.com/route/17739223
Batu Caves,,Selangor,3.242325,101.687584,thecrag,https://www.thecrag.com/climbing/malaysia/batu-caves,Nanyang Wall - Left (Section A + B),,,Disqualified,7c,french,sport,20.0,,,https://www.thecrag.com/route/17739271
Batu Caves,,Selangor,3.242325,101.687584,thecrag,https://www.thecrag.com/climbing/malaysia/batu-caves,Nanyang Wall - Left (Section A + B),,,Flying Dutchman,6c,french,sport,21.0,,,https://www.thecrag.com/route/17739319
Batu Caves,,Selangor,3.242325,101.687584,thecrag,https://www.thecrag.com/climbing/malaysia/batu-caves,Nanyang Wall - Left (Section A + B),,,Two Inches Less,7a+,french,sport,15.0,5,,https://www.thecrag.com/route/4250323851
Batu Caves,,Selangor,3.242325,101.687584,thecrag,https://www.thecrag.com/climbing/malaysia/batu-caves,Nanyang Wall - Left (Section A + B),,,Split Impression,6b,french,sport,30.0,16,,https://www.thecrag.com/route/17739367
Batu Caves,,Selangor,3.242325,101.687584,thecrag,https://www.thecrag.com/climbing/malaysia/batu-caves,Nanyang Wall - Left (Section A + B),,,not named,6c,french,sport,,,,https://www.thecrag.com/route/9804107781
Batu Caves,,Selangor,3.242325,101.687584,thecrag,https://www.thecrag.com/climbing/malaysia/batu-caves,Nanyang Wall - Left (Section A + B),,,Nasi Lemak Berempah,6c,french,sport,,,,https://www.thecrag.com/route/9804108669
Batu Caves,,Selangor,3.242325,101.687584,thecrag,https://www.thecrag.com/climbing/malaysia/batu-caves,Nanyang Wall - Left (Section A + B),,,Pigeon poop party,6c,french,sport,,6,,https://www.thecrag.com/route/9804110673
Batu Caves,,Selangor,3.242325,101.687584,thecrag,https://www.thecrag.com/climbing/malaysia/batu-caves,Nanyang Wall - Right (Section C + D ),,,Mad Monkey,8b,french,sport,,9,,https://www.thecrag.com/route/9804198090
Batu Caves,,Selangor,3.242325,101.687584,thecrag,https://www.thecrag.com/climbing/malaysia/batu-caves,Nanyang Wall - Right (Section C + D ),,,Circumcision,6b+,french,sport,38.0,10,,https://www.thecrag.com/route/17739415
Batu Caves,,Selangor,3.242325,101.687584,thecrag,https://www.thecrag.com/climbing/malaysia/batu-caves,Nanyang Wall - Right (Section C + D ),,,no name,6c,french,sport,20.0,6,,https://www.thecrag.com/route/9804204057
Batu Caves,,Selangor,3.242325,101.687584,thecrag,https://www.thecrag.com/climbing/malaysia/batu-caves,Nanyang Wall - Right (Section C + D ),,,no name1,6c,french,sport,,,,https://www.thecrag.com/route/9804207342
Batu Caves,,Selangor,3.242325,101.687584,thecrag,https://www.thecrag.com/climbing/malaysia/batu-caves,Nanyang Wall - Right (Section C + D ),,,no name 2,5c,french,sport,,,,https://www.thecrag.com/route/9804210777
Batu Caves,,Selangor,3.242325,101.687584,thecrag,https://www.thecrag.com/climbing/malaysia/batu-caves,Nanyang Wall - Right (Section C + D ),,,Hospitality,7c,french,sport,20.0,10,,https://www.thecrag.com/route/17739463
Batu Caves,,Selangor,3.242325,101.687584,thecrag,https://www.thecrag.com/climbing/malaysia/batu-caves,Nanyang Wall - Right (Section C + D ),,,Hospitality right,,,sport,,,,https://www.thecrag.com/route/9804216516
Batu Caves,,Selangor,3.242325,101.687584,thecrag,https://www.thecrag.com/climbing/malaysia/batu-caves,Nanyang Wall - Right (Section C + D ),,,Matrix Left,7b,french,sport,,,,https://www.thecrag.com/route/4788293301
Batu Caves,,Selangor,3.242325,101.687584,thecrag,https://www.thecrag.com/climbing/malaysia/batu-caves,Nanyang Wall - Right (Section C + D ),,,Matrix,7a,french,sport,20.0,9,,https://www.thecrag.com/route/17739511
Batu Caves,,Selangor,3.242325,101.687584,thecrag,https://www.thecrag.com/climbing/malaysia/batu-caves,Nanyang Wall - Right (Section C + D ),,,Lost Monkey,6c,french,sport,22.0,7,,https://www.thecrag.com/route/17739559
Batu Caves,,Selangor,3.242325,101.687584,thecrag,https://www.thecrag.com/climbing/malaysia/batu-caves,Nanyang Wall - Right (Section C + D ),,,Chu Chai,7a,french,sport,25.0,,,https://www.thecrag.com/route/211389381
Batu Caves,,Selangor,3.242325,101.687584,thecrag,https://www.thecrag.com/climbing/malaysia/batu-caves,Nanyang Wall - Right (Section C + D ),,,Quit Smoking,6a,french,sport,12.0,6,,https://www.thecrag.com/route/2440115385
Batu Caves,,Selangor,3.242325,101.687584,thecrag,https://www.thecrag.com/climbing/malaysia/batu-caves,Nanyang Wall - Right (Section C + D ),,,Indecision,6b+,french,sport,24.0,9,,https://www.thecrag.com/route/17739667
Batu Caves,,Selangor,3.242325,101.687584,thecrag,https://www.thecrag.com/climbing/malaysia/batu-caves,Nanyang Wall - Right (Section C + D ),,,Right Decision P1,6a+,french,sport,19.0,8,,https://www.thecrag.com/route/17739613
Batu Caves,,Selangor,3.242325,101.687584,thecrag,https://www.thecrag.com/climbing/malaysia/batu-caves,Nanyang Wall - Right (Section C + D ),,,Right Decision P2,7a,french,sport,19.0,18,,https://www.thecrag.com/route/4874152167
Batu Caves,,Selangor,3.242325,101.687584,thecrag,https://www.thecrag.com/climbing/malaysia/batu-caves,Nanyang Wall - Right (Section C + D ),,,Pas sans Monica,6b,french,sport,,5,,https://www.thecrag.com/route/12148971669
Batu Caves,,Selangor,3.242325,101.687584,thecrag,https://www.thecrag.com/climbing/malaysia/batu-caves,Nanyang Wall - Right (Section C + D ),,,Fist Full of Hangers,6a+,french,sport,15.0,5,,https://www.thecrag.com/route/2466342750
Batu Caves,,Selangor,3.242325,101.687584,thecrag,https://www.thecrag.com/climbing/malaysia/batu-caves,Nanyang Wall - Right (Section C + D ),,,Black Sandy,7a,french,sport,25.0,8,,https://www.thecrag.com/route/413877357
Batu Caves,,Selangor,3.242325,101.687584,thecrag,https://www.thecrag.com/climbing/malaysia/batu-caves,Nanyang Wall - Right (Section C + D ),,,A Few Hangers More,6a+,french,sport,22.0,9,,https://www.thecrag.com/route/17739769
Batu Caves,,Selangor,3.242325,101.687584,thecrag,https://www.thecrag.com/climbing/malaysia/batu-caves,Nanyang Wall - Right (Section C + D ),,,A Few Hangers More (Variant),6a+,french,sport,15.0,5,,https://www.thecrag.com/route/2455493967
Batu Caves,,Selangor,3.242325,101.687584,thecrag,https://www.thecrag.com/climbing/malaysia/batu-caves,Nanyang Wall - Right (Section C + D ),,,Unknown 1,5c,french,sport,7.0,4,,https://www.thecrag.com/route/13258849755
Batu Caves,,Selangor,3.242325,101.687584,thecrag,https://www.thecrag.com/climbing/malaysia/batu-caves,Nanyang Wall - Right (Section C + D ),,,Scotch On The Rock,6b,french,sport,7.0,2,,https://www.thecrag.com/route/413874636
Batu Caves,,Selangor,3.242325,101.687584,thecrag,https://www.thecrag.com/climbing/malaysia/batu-caves,Nanyang Wall - Right (Section C + D ),,,Go to Heaven,7c,french,sport,20.0,,,https://www.thecrag.com/route/4788259644
Batu Caves,,Selangor,3.242325,101.687584,thecrag,https://www.thecrag.com/climbing/malaysia/batu-caves,Nanyang Wall - Right (Section C + D ),,,Go To Hell,7a+,french,sport,15.0,6,,https://www.thecrag.com/route/413876559
Batu Caves,,Selangor,3.242325,101.687584,thecrag,https://www.thecrag.com/climbing/malaysia/batu-caves,Nanyang Wall - Right (Section C + D ),,,Whimper,6a+,french,sport,10.0,3,,https://www.thecrag.com/route/413876658
Batu Caves,,Selangor,3.242325,101.687584,thecrag,https://www.thecrag.com/climbing/malaysia/batu-caves,Nanyang Wall - Right (Section C + D ),,,Unknown,7a,french,sport,8.0,3,,https://www.thecrag.com/route/2464075872
Batu Caves,,Selangor,3.242325,101.687584,thecrag,https://www.thecrag.com/climbing/malaysia/batu-caves,Nanyang Wall - Right (Section C + D ),,,Old Shoes Beware,6c+,french,sport,8.0,3,,https://www.thecrag.com/route/413876757
Batu Caves,,Selangor,3.242325,101.687584,thecrag,https://www.thecrag.com/climbing/malaysia/batu-caves,Nanyang Wall - Right (Section C + D ),,,Outing,6a+,french,sport,,,,https://www.thecrag.com/route/413876862
Batu Caves,,Selangor,3.242325,101.687584,thecrag,https://www.thecrag.com/climbing/malaysia/batu-caves,Nanyang Wall - Right (Section C + D ),,,Welcome Lady,5c,french,sport,15.0,6,,https://www.thecrag.com/route/4788319338
Batu Caves,,Selangor,3.242325,101.687584,thecrag,https://www.thecrag.com/climbing/malaysia/batu-caves,Nanyang Wall - Right (Section C + D ),,,Outstation,6c,french,sport,21.0,8,,https://www.thecrag.com/route/413876961
Batu Caves,,Selangor,3.242325,101.687584,thecrag,https://www.thecrag.com/climbing/malaysia/batu-caves,Nanyang Wall - Right (Section C + D ),,,Many Excursion,6a+,french,sport,23.0,7,,https://www.thecrag.com/route/413877060
Batu Caves,,Selangor,3.242325,101.687584,thecrag,https://www.thecrag.com/climbing/malaysia/batu-caves,Nanyang Wall - Right (Section C + D ),,,Handphone Disaster,5c+,french,sport,20.0,8,,https://www.thecrag.com/route/413877159
Batu Caves,,Selangor,3.242325,101.687584,thecrag,https://www.thecrag.com/climbing/malaysia/batu-caves,Nanyang Wall - Right (Section C + D ),,,Doris,6a,french,sport,21.0,7,,https://www.thecrag.com/route/413877258
Batu Caves,,Selangor,3.242325,101.687584,thecrag,https://www.thecrag.com/climbing/malaysia/batu-caves,Nanyang Wall - Right (Section C + D ),,,Christine,6a,french,sport,,,,https://www.thecrag.com/route/4788328194
Batu Caves,,Selangor,3.242325,101.687584,thecrag,https://www.thecrag.com/climbing/malaysia/batu-caves,Roadshow Wall,,,Shariah,7a,french,sport,48.0,18,,https://www.thecrag.com/route/15704863
Batu Caves,,Selangor,3.242325,101.687584,thecrag,https://www.thecrag.com/climbing/malaysia/batu-caves,Roadshow Wall,,,Road Kill,7b,french,sport,48.0,18,,https://www.thecrag.com/route/15704911
Batu Caves,,Selangor,3.242325,101.687584,thecrag,https://www.thecrag.com/climbing/malaysia/batu-caves,Roadshow Wall,,,Project,,,sport,18.0,6,,https://www.thecrag.com/route/4874237958
Batu Caves,,Selangor,3.242325,101.687584,thecrag,https://www.thecrag.com/climbing/malaysia/batu-caves,Roadshow Wall,,,Formula 1,6b,french,sport,16.0,4,,https://www.thecrag.com/route/15704965
Batu Caves,,Selangor,3.242325,101.687584,thecrag,https://www.thecrag.com/climbing/malaysia/batu-caves,Roadshow Wall,,,Cookies Crumbles,6b,french,sport,16.0,4,,https://www.thecrag.com/route/15705013
Batu Caves,,Selangor,3.242325,101.687584,thecrag,https://www.thecrag.com/climbing/malaysia/batu-caves,Roadshow Wall,,,Unnatural Pro,6a,french,sport,17.0,4,,https://www.thecrag.com/route/15705061
Batu Caves,,Selangor,3.242325,101.687584,thecrag,https://www.thecrag.com/climbing/malaysia/batu-caves,Roadshow Wall,,,Koohas,6a,french,sport,19.0,5,,https://www.thecrag.com/route/15705109
Batu Caves,,Selangor,3.242325,101.687584,thecrag,https://www.thecrag.com/climbing/malaysia/batu-caves,Roadshow Wall,,,Fighting Fear,5c,french,sport,19.0,5,,https://www.thecrag.com/route/15705157
Batu Caves,,Selangor,3.242325,101.687584,thecrag,https://www.thecrag.com/climbing/malaysia/batu-caves,Comic Wall,,,Schizophrenic Fool,5c,french,sport,7.0,2,,https://www.thecrag.com/route/15705205
Batu Caves,,Selangor,3.242325,101.687584,thecrag,https://www.thecrag.com/climbing/malaysia/batu-caves,Comic Wall,,,Tak Menyempat,6a,french,sport,13.0,5,,https://www.thecrag.com/route/15705253
Batu Caves,,Selangor,3.242325,101.687584,thecrag,https://www.thecrag.com/climbing/malaysia/batu-caves,Comic Wall,,,Rasa In' Goyangnya,6a+,french,sport,12.0,5,,https://www.thecrag.com/route/15705301
Batu Caves,,Selangor,3.242325,101.687584,thecrag,https://www.thecrag.com/climbing/malaysia/batu-caves,Comic Wall,,,Singgahsana,6b+,french,sport,12.0,5,,https://www.thecrag.com/route/15705349
Batu Caves,,Selangor,3.242325,101.687584,thecrag,https://www.thecrag.com/climbing/malaysia/batu-caves,Comic Wall,,,Parang Buta,6b,french,sport,12.0,6,,https://www.thecrag.com/route/15705397
Batu Caves,,Selangor,3.242325,101.687584,thecrag,https://www.thecrag.com/climbing/malaysia/batu-caves,Comic Wall,,,Muntah,6c,french,sport,12.0,6,,https://www.thecrag.com/route/15705445
Batu Caves,,Selangor,3.242325,101.687584,thecrag,https://www.thecrag.com/climbing/malaysia/batu-caves,Comic Wall,,,Hampir Tewas,6c,french,sport,16.0,8,,https://www.thecrag.com/route/15705499
Batu Caves,,Selangor,3.242325,101.687584,thecrag,https://www.thecrag.com/climbing/malaysia/batu-caves,Comic Wall,,,Gandbanged,7a,french,sport,18.0,8,,https://www.thecrag.com/route/15705547
Batu Caves,,Selangor,3.242325,101.687584,thecrag,https://www.thecrag.com/climbing/malaysia/batu-caves,Comic Wall,,,Kampai,5c,french,sport,24.0,6,,https://www.thecrag.com/route/15705601
Batu Caves,,Selangor,3.242325,101.687584,thecrag,https://www.thecrag.com/climbing/malaysia/batu-caves,Comic Wall,,,Braveheart,6b,french,sport,22.0,7,,https://www.thecrag.com/route/15705649
Batu Caves,,Selangor,3.242325,101.687584,thecrag,https://www.thecrag.com/climbing/malaysia/batu-caves,Comic Wall,,,Lunar Maya,6a+,french,sport,23.0,8,,https://www.thecrag.com/route/2918117928
Batu Caves,,Selangor,3.242325,101.687584,thecrag,https://www.thecrag.com/climbing/malaysia/batu-caves,Comic Wall,,,Kawe,6c,french,sport,16.0,7,,https://www.thecrag.com/route/15705697
Batu Caves,,Selangor,3.242325,101.687584,thecrag,https://www.thecrag.com/climbing/malaysia/batu-caves,Publicity Wall,,,Lock Up,6a,french,sport,15.0,5,,https://www.thecrag.com/route/15705745
Batu Caves,,Selangor,3.242325,101.687584,thecrag,https://www.thecrag.com/climbing/malaysia/batu-caves,Publicity Wall,,,I'm the Malaysian Team,6a+,french,sport,15.0,5,,https://www.thecrag.com/route/15705793
Batu Caves,,Selangor,3.242325,101.687584,thecrag,https://www.thecrag.com/climbing/malaysia/batu-caves,Publicity Wall,,,What's the Route Name,6a+,french,sport,10.0,3,,https://www.thecrag.com/route/15705841
Batu Caves,,Selangor,3.242325,101.687584,thecrag,https://www.thecrag.com/climbing/malaysia/batu-caves,Kura Kura,,,Harbinger,5b,french,sport,,6,,https://www.thecrag.com/route/7774693833
Batu Caves,,Selangor,3.242325,101.687584,thecrag,https://www.thecrag.com/climbing/malaysia/batu-caves,Kura Kura,,,Belgian Bomber,5c,french,trad,75.0,1,,https://www.thecrag.com/route/10644993714
Batu Caves,,Selangor,3.242325,101.687584,thecrag,https://www.thecrag.com/climbing/malaysia/batu-caves,Kura Kura,,,Stalactasy,6a+,french,sport,61.0,27,,https://www.thecrag.com/route/7911809076
Batu Caves,,Selangor,3.242325,101.687584,thecrag,https://www.thecrag.com/climbing/malaysia/batu-caves,Kura Kura,,,Stalacduasy,6a,french,sport,,13,,https://www.thecrag.com/route/11215146297
Batu Caves,,Selangor,3.242325,101.687584,thecrag,https://www.thecrag.com/climbing/malaysia/batu-caves,Kura Kura,,,Exposaverse,7a,french,sport,,12,,https://www.thecrag.com/route/11090179479
Batu Caves,,Selangor,3.242325,101.687584,thecrag,https://www.thecrag.com/climbing/malaysia/batu-caves,Kura Kura,,,Gravitax,6c+,french,sport,18.0,9,,https://www.thecrag.com/route/8687411496
Batu Caves,,Selangor,3.242325,101.687584,thecrag,https://www.thecrag.com/climbing/malaysia/batu-caves,Kura Kura,,,Nasal Probe for Reentry,6c,french,sport,,10,,https://www.thecrag.com/route/4403737413
Batu Caves,,Selangor,3.242325,101.687584,thecrag,https://www.thecrag.com/climbing/malaysia/batu-caves,Kura Kura,,,Never Try Never Know,4c,french,sport,,,,https://www.thecrag.com/route/4403738655
Batu Caves,,Selangor,3.242325,101.687584,thecrag,https://www.thecrag.com/climbing/malaysia/batu-caves,Kura Kura,,,Bat attack,7a,french,sport,,6,,https://www.thecrag.com/route/4403739801
Batu Caves,,Selangor,3.242325,101.687584,thecrag,https://www.thecrag.com/climbing/malaysia/batu-caves,Kura Kura,,,Pass the Corona,6a,french,sport,,,,https://www.thecrag.com/route/4403741223
Batu Caves,,Selangor,3.242325,101.687584,thecrag,https://www.thecrag.com/climbing/malaysia/batu-caves,Kura Kura,,,Hobbit Hole,5c+,french,sport,,8,,https://www.thecrag.com/route/4403742537
Batu Caves,,Selangor,3.242325,101.687584,thecrag,https://www.thecrag.com/climbing/malaysia/batu-caves,Kura Kura,,,PTSBee,7a+,french,sport,,10,,https://www.thecrag.com/route/4403744889
Batu Caves,,Selangor,3.242325,101.687584,thecrag,https://www.thecrag.com/climbing/malaysia/batu-caves,Kura Kura,,,Humanitarian,7a,french,sport,,12,,https://www.thecrag.com/route/8631443082
Batu Caves,,Selangor,3.242325,101.687584,thecrag,https://www.thecrag.com/climbing/malaysia/batu-caves,Kura Kura,,,La Kura Kura,6c+,french,sport,,,,https://www.thecrag.com/route/4403746578
Batu Caves,,Selangor,3.242325,101.687584,thecrag,https://www.thecrag.com/climbing/malaysia/batu-caves,Kura Kura,,,Akira Toriyama,7b,french,sport,,,,https://www.thecrag.com/route/11652809958
Batu Caves,,Selangor,3.242325,101.687584,thecrag,https://www.thecrag.com/climbing/malaysia/batu-caves,Kura Kura,,,Jungle Love,7a,french,sport,,,,https://www.thecrag.com/route/11652822501
